[
  {
    "id": "1e0700a2-5183-4291-85cc-2065a036a683",
    "type": "invoice",
    "amount": "964.82",
    "currency": "LRD"
  },
  {
    "id": "a30f821b-4d25-4ff0-abdd-e340b3f0dd2b",
    "type": "payment",
    "amount": "686.50",
    "currency": "WST"
  },
  {
    "id": "44dca67a-8e5a-4798-bf8e-b15efd4e1abd",
    "type": "invoice",
    "amount": "828.62",
    "currency": "UGX"
  },
  {
    "id": "ea8ed3dc-2b68-4a53-905a-53ecb0adef33",
    "type": "withdrawal",
    "amount": "527.80",
    "currency": "ALL"
  },
  {
    "id": "ea76146a-0b00-4b80-bc02-a8c822176712",
    "type": "withdrawal",
    "amount": "371.43",
    "currency": "MUR"
  },
  {
    "id": "63ca02f9-d637-46b5-9237-f3b24425e029",
    "type": "payment",
    "amount": "862.44",
    "currency": "AUD"
  },
  {
    "id": "ed0263e8-59a5-4bf1-87e0-2bb88e53dc34",
    "type": "withdrawal",
    "amount": "907.00",
    "currency": "GEL"
  },
  {
    "id": "6013bad0-750c-4691-8bc2-d8f2b43969c4",
    "type": "withdrawal",
    "amount": "352.52",
    "currency": "UGX"
  },
  {
    "id": "252c7be4-8b06-4fa7-8d42-61fb835b70d5",
    "type": "payment",
    "amount": "388.98",
    "currency": "TOP"
  },
  {
    "id": "4eaab41b-b967-40ac-82ed-85fc66f646f1",
    "type": "deposit",
    "amount": "103.10",
    "currency": "BWP"
  },
  {
    "id": "9648a350-8469-42d5-8bf3-18090de5fe67",
    "type": "withdrawal",
    "amount": "322.32",
    "currency": "MRO"
  },
  {
    "id": "9c5c25fb-1a95-4b2f-8d1f-4c4426d677cc",
    "type": "invoice",
    "amount": "14.79",
    "currency": "PYG"
  },
  {
    "id": "43ef232c-80e9-4d6f-b48a-b22405620de3",
    "type": "payment",
    "amount": "904.86",
    "currency": "CHF"
  },
  {
    "id": "5161682e-e620-4019-ab0a-24ceb10fbd20",
    "type": "withdrawal",
    "amount": "307.08",
    "currency": "NOK"
  },
  {
    "id": "7b119d71-42e6-4c42-a141-6818b07bb9ff",
    "type": "invoice",
    "amount": "275.07",
    "currency": "AWG"
  },
  {
    "id": "a4f65722-65c4-4c28-b1f4-b8ed988bb205",
    "type": "deposit",
    "amount": "213.10",
    "currency": "STD"
  },
  {
    "id": "c6e5784b-0ca3-48d6-86e5-b5128af5a523",
    "type": "invoice",
    "amount": "116.11",
    "currency": "CUP CUC"
  },
  {
    "id": "c9ebed6a-3a02-4b49-ac0d-0534b51f2bfd",
    "type": "invoice",
    "amount": "878.67",
    "currency": "HKD"
  },
  {
    "id": "a4a98b0e-b22c-438b-9f83-de2df52110c8",
    "type": "invoice",
    "amount": "725.03",
    "currency": "UYU UYI"
  },
  {
    "id": "b39bfa7a-0166-4c47-94d6-87d20590f746",
    "type": "payment",
    "amount": "405.45",
    "currency": "MDL"
  }
]
